<?xml version="1.0"?>
<!DOCTYPE modification SYSTEM "http://www.simplemachines.org/xml/modification">
<modification xmlns="http://www.simplemachines.org/xml/modification" xmlns:smf="http://www.simplemachines.org/">
<id>dougiefresh:CustomBBCodes</id>
<name>Custom BBCodes Manager</name>
<version>2.1</version>

<!-------------------------------------------------------------------------->
<!-- Custom BBCode Manager UI (ManageBoards.php)                            -->
<!-------------------------------------------------------------------------->
<file name="$sourcedir/ManagePosts.php">
	<operation>
		<search position="before"><![CDATA[		'bbc' => 'ModifyBBCSettings',
]]></search>
		<add><![CDATA[		'custombbc' => 'CustomBBCodes_Controller',
]]></add>
	</operation>
</file>
<file name="$sourcedir/ManageSettings.php">
	<operation>
		<search position="before"><![CDATA[		'layout' => 'ModifyLayoutSettings',
]]></search>
		<add><![CDATA[		'custombbc' => 'CustomBBCodes_Controller',
]]></add>
	</operation>
</file>
<file name="$themedir/Admin.template.php">
	<operation>
		<search position="before"><![CDATA[<form action="', $context['post_url'], '"]]></search>
		<add><![CDATA[' . (isset($context['CBBC_multipart']) ? ' enctype="multipart/form-data"' : '') . ']]></add>
	</operation>
</file>
</modification>