<?xml version="1.0"?>
<!DOCTYPE package-info SYSTEM "http://www.simplemachines.org/xml/package-info">

<package-info xmlns="http://www.simplemachines.org/xml/package-info" xmlns:smf="http://www.simplemachines.org/">
	<id>dougiefresh:CustomBBCodes</id>
	<name>Custom BBCodes Manager</name>
	<type>modification</type>
	<version>2.1</version>
	
	<install for="2.0 - 2.0.99">
		<readme type="file" parsebbc="true">readme.txt</readme>
		<code>add_remove_hooks.php</code>
		<code>settings_install.php</code>
		<database>edit_db.php</database>
		<modification>install_20x.xml</modification>
		<modification>language_english.xml</modification>
		<require-file name="CustomBBCodesAdmin.php" destination="$sourcedir" />
		<require-file name="CustomBBCodesAdmin.english.php" destination="$boarddir/Themes/default/languages" />
		<require-file name="CustomBBCodesAdmin.english-utf8.php" destination="$boarddir/Themes/default/languages" />
		<require-file name="CustomBBCodesAdmin.dutch.php" destination="$boarddir/Themes/default/languages" />
		<require-file name="CustomBBCodesAdmin.dutch-utf8.php" destination="$boarddir/Themes/default/languages" />
		<require-file name="Subs-CustomBBCodes.php" destination="$sourcedir" />
		<require-file name="Subs-CustomBBCodesAdmin.php" destination="$sourcedir" />
		<require-file name="CustomBBCodesAdmin.template.php" destination="$boarddir/Themes/default" />
		<redirect url="index.php?action=admin;area=postsettings;sa=custombbc" timeout="5000">redirect.txt</redirect>
	</install>
	<uninstall for="2.0 - 2.0.99">
		<code>add_remove_hooks.php</code>
		<code>settings_uninstall.php</code>
		<modification reverse="true">install_20x.xml</modification>
		<modification reverse="true">language_english.xml</modification>
		<remove-file name="$boarddir/Themes/default/languages/CustomBBCodesAdmin.english.php" />
		<remove-file name="$boarddir/Themes/default/languages/CustomBBCodesAdmin.english-utf8.php" />
		<remove-file name="$boarddir/Themes/default/languages/CustomBBCodesAdmin.dutch.php" />
		<remove-file name="$boarddir/Themes/default/languages/CustomBBCodesAdmin.dutch-utf8.php" />
		<remove-file name="$sourcedir/CustomBBCodesAdmin.php" />
		<remove-file name="$sourcedir/Subs-CustomBBCodes.php" />
		<remove-file name="$sourcedir/Subs-CustomBBCodesAdmin.php" />
		<remove-file name="$boarddir/Themes/default/CustomBBCodesAdmin.template.php" />
	</uninstall>

	<install for="2.1 Beta 1">
		<readme type="file" parsebbc="true">readme.txt</readme>
		<code>add_remove_hooks.php</code>
		<code>settings_install.php</code>
		<database>edit_db.php</database>
		<modification>install_21x.xml</modification>
		<modification>language_english.xml</modification>
		<require-file name="CustomBBCodesAdmin.php" destination="$sourcedir" />
		<require-file name="CustomBBCodesAdmin.english.php" destination="$boarddir/Themes/default/languages" />
		<require-file name="CustomBBCodesAdmin.english-utf8.php" destination="$boarddir/Themes/default/languages" />
		<require-file name="CustomBBCodesAdmin.dutch.php" destination="$boarddir/Themes/default/languages" />
		<require-file name="CustomBBCodesAdmin.dutch-utf8.php" destination="$boarddir/Themes/default/languages" />
		<require-file name="Subs-CustomBBCodes.php" destination="$sourcedir" />
		<require-file name="Subs-CustomBBCodesAdmin.php" destination="$sourcedir" />
		<require-file name="CustomBBCodesAdmin.template.php" destination="$boarddir/Themes/default" />
		<redirect url="index.php?action=admin;area=featuresettings;sa=custombbc" timeout="5000">redirect.txt</redirect>
	</install>
	<uninstall for="2.1 Beta 1">
		<code>add_remove_hooks.php</code>
		<code>settings_uninstall.php</code>
		<modification reverse="true">install_21x.xml</modification>
		<modification reverse="true">language_english.xml</modification>
		<remove-file name="$boarddir/Themes/default/languages/CustomBBCodesAdmin.english.php" />
		<remove-file name="$boarddir/Themes/default/languages/CustomBBCodesAdmin.english-utf8.php" />
		<remove-file name="$boarddir/Themes/default/languages/CustomBBCodesAdmin.dutch.php" />
		<remove-file name="$boarddir/Themes/default/languages/CustomBBCodesAdmin.dutch-utf8.php" />
		<remove-file name="$sourcedir/CustomBBCodesAdmin.php" />
		<remove-file name="$sourcedir/Subs-CustomBBCodes.php" />
		<remove-file name="$sourcedir/Subs-CustomBBCodesAdmin.php" />
		<remove-file name="$boarddir/Themes/default/CustomBBCodesAdmin.template.php" />
	</uninstall>
</package-info>