<?xml version="1.0"?>
<!DOCTYPE modification SYSTEM "http://www.simplemachines.org/xml/modification">
<modification xmlns="http://www.simplemachines.org/xml/modification" xmlns:smf="http://www.simplemachines.org/">
<id>Dougiefresh:BBCode_Changelog</id>
<version>3.1</version>

<file name="$languagedir/index.norwegian-utf8.php" error="skip">
	<operation>
		<search position="end" />
		<add><![CDATA[
$txt['spoiler'] = "Spoiler";
$txt['debug_hide'] = 'gjem';
]]></add>
	</operation>
</file>
</modification>