<?xml version="1.0"?>
<!DOCTYPE modification SYSTEM "http://www.simplemachines.org/xml/modification">
<modification xmlns="http://www.simplemachines.org/xml/modification" xmlns:smf="http://www.simplemachines.org/">
<id>Dougiefresh:BBCode_Changelog</id>
<version>3.1</version>

<file name="$languagedir/index.english.php">
	<operation>
		<search position="end" />
		<add><![CDATA[
$txt['spoiler'] = "Spoiler";
$txt['debug_hide'] = 'hide';
$txt['spoiler_no_guests'] = 'Check to disable spoilers for guests globally:';
$txt['spoiler_no_guest_html'] = '[ You must <a href="' . $scripturl . '?action=login">login</a> or <a href="' . $scripturl . '?action=register">register</a> to view this spoiler! ]';
]]></add>
	</operation>
</file>
<file name="$languagedir/index.english-utf8.php" error="skip">
		<search position="end" />
		<add><![CDATA[
$txt['spoiler'] = "Spoiler";
$txt['debug_hide'] = 'hide';
$txt['spoiler_no_guests'] = 'Check to disable spoilers for guests globally:';
$txt['spoiler_no_guest_html'] = '[ You must <a href="' . $scripturl . '?action=login">login</a> or <a href="' . $scripturl . '?action=register">register</a> to view this spoiler! ]';
]]></add>
	</operation>
</file>
</modification>